branch,lines,interruption_pct,interruption_type,trial,recovery_ms
wal,1000,10,stop,1,28.087
wal,1000,10,stop,2,9.666
wal,1000,10,stop,3,28.474
wal,1000,10,stop,4,12.224
wal,1000,10,stop,5,21.178
wal,1000,10,stop,6,6.375
wal,1000,10,stop,7,29.079
wal,1000,10,stop,8,11.664
wal,1000,10,stop,9,23.765
wal,1000,10,stop,10,8.364
nowal,1000,10,stop,1,9.664
nowal,1000,10,stop,2,11.773
nowal,1000,10,stop,3,5.413
nowal,1000,10,stop,4,24.398
nowal,1000,10,stop,5,11.688
nowal,1000,10,stop,6,11.547
nowal,1000,10,stop,7,10.781
nowal,1000,10,stop,8,10.685
nowal,1000,10,stop,9,27.119
nowal,1000,10,stop,10,9.146
wal,1000,10,kill,1,13.580
wal,1000,10,kill,2,15.819
wal,1000,10,kill,3,22.711
wal,1000,10,kill,4,15.854
wal,1000,10,kill,5,13.409
wal,1000,10,kill,6,15.988
wal,1000,10,kill,7,29.751
wal,1000,10,kill,8,14.580
wal,1000,10,kill,9,8.422
wal,1000,10,kill,10,16.516
nowal,1000,10,kill,1,13.675
nowal,1000,10,kill,2,13.762
nowal,1000,10,kill,3,15.895
nowal,1000,10,kill,4,28.906
nowal,1000,10,kill,5,29.746
nowal,1000,10,kill,6,30.609
nowal,1000,10,kill,7,10.720
nowal,1000,10,kill,8,10.114
nowal,1000,10,kill,9,30.010
nowal,1000,10,kill,10,15.096
wal,1000,50,stop,1,24.424
wal,1000,50,stop,2,16.803
wal,1000,50,stop,3,22.822
wal,1000,50,stop,4,27.556
wal,1000,50,stop,5,16.185
wal,1000,50,stop,6,25.832
wal,1000,50,stop,7,25.406
wal,1000,50,stop,8,15.086
wal,1000,50,stop,9,25.452
wal,1000,50,stop,10,15.289
nowal,1000,50,stop,1,24.721
nowal,1000,50,stop,2,19.941
nowal,1000,50,stop,3,57.403
nowal,1000,50,stop,4,21.632
nowal,1000,50,stop,5,19.782
nowal,1000,50,stop,6,24.372
nowal,1000,50,stop,7,16.429
nowal,1000,50,stop,8,23.699
nowal,1000,50,stop,9,22.624
nowal,1000,50,stop,10,26.468
wal,1000,50,kill,1,37.170
wal,1000,50,kill,2,28.088
wal,1000,50,kill,3,30.651
wal,1000,50,kill,4,30.091
wal,1000,50,kill,5,28.325
wal,1000,50,kill,6,27.459
wal,1000,50,kill,7,28.822
wal,1000,50,kill,8,28.084
wal,1000,50,kill,9,29.030
wal,1000,50,kill,10,28.608
nowal,1000,50,kill,1,29.030
nowal,1000,50,kill,2,30.265
nowal,1000,50,kill,3,31.313
nowal,1000,50,kill,4,18.976
nowal,1000,50,kill,5,28.176
nowal,1000,50,kill,6,13.218
nowal,1000,50,kill,7,27.353
nowal,1000,50,kill,8,29.510
nowal,1000,50,kill,9,27.978
nowal,1000,50,kill,10,29.532
wal,1000,100,stop,1,24.189
wal,1000,100,stop,2,22.905
wal,1000,100,stop,3,23.442
wal,1000,100,stop,4,24.380
wal,1000,100,stop,5,23.338
wal,1000,100,stop,6,25.510
wal,1000,100,stop,7,21.607
wal,1000,100,stop,8,24.886
wal,1000,100,stop,9,25.533
wal,1000,100,stop,10,22.806
nowal,1000,100,stop,1,23.485
nowal,1000,100,stop,2,42.335
nowal,1000,100,stop,3,12.220
nowal,1000,100,stop,4,21.454
nowal,1000,100,stop,5,21.981
nowal,1000,100,stop,6,25.227
nowal,1000,100,stop,7,25.759
nowal,1000,100,stop,8,20.174
nowal,1000,100,stop,9,25.209
nowal,1000,100,stop,10,11.082
wal,1000,100,kill,1,25.299
wal,1000,100,kill,2,16.241
wal,1000,100,kill,3,33.005
wal,1000,100,kill,4,29.566
wal,1000,100,kill,5,26.521
wal,1000,100,kill,6,26.368
wal,1000,100,kill,7,29.393
wal,1000,100,kill,8,30.266
wal,1000,100,kill,9,15.851
wal,1000,100,kill,10,30.521
nowal,1000,100,kill,1,29.906
nowal,1000,100,kill,2,29.062
nowal,1000,100,kill,3,21.501
nowal,1000,100,kill,4,57.090
nowal,1000,100,kill,5,27.899
nowal,1000,100,kill,6,24.841
nowal,1000,100,kill,7,28.772
nowal,1000,100,kill,8,22.575
nowal,1000,100,kill,9,29.119
nowal,1000,100,kill,10,28.926
wal,10000,10,stop,1,22.191
wal,10000,10,stop,2,22.458
wal,10000,10,stop,3,22.477
wal,10000,10,stop,4,24.834
wal,10000,10,stop,5,25.548
wal,10000,10,stop,6,13.708
wal,10000,10,stop,7,23.814
wal,10000,10,stop,8,14.524
wal,10000,10,stop,9,25.822
wal,10000,10,stop,10,45.569
nowal,10000,10,stop,1,21.382
nowal,10000,10,stop,2,25.157
nowal,10000,10,stop,3,23.451
nowal,10000,10,stop,4,20.828
nowal,10000,10,stop,5,17.271
nowal,10000,10,stop,6,23.222
nowal,10000,10,stop,7,21.065
nowal,10000,10,stop,8,25.527
nowal,10000,10,stop,9,22.354
nowal,10000,10,stop,10,23.693
wal,10000,10,kill,1,26.942
wal,10000,10,kill,2,29.906
wal,10000,10,kill,3,26.666
wal,10000,10,kill,4,30.446
wal,10000,10,kill,5,55.475
wal,10000,10,kill,6,24.008
wal,10000,10,kill,7,28.442
wal,10000,10,kill,8,39.879
wal,10000,10,kill,9,35.992
wal,10000,10,kill,10,31.814
nowal,10000,10,kill,1,27.381
nowal,10000,10,kill,2,11.874
nowal,10000,10,kill,3,34.352
nowal,10000,10,kill,4,12.878
nowal,10000,10,kill,5,29.468
nowal,10000,10,kill,6,29.646
nowal,10000,10,kill,7,12.209
nowal,10000,10,kill,8,29.526
nowal,10000,10,kill,9,25.360
nowal,10000,10,kill,10,29.442
wal,10000,50,stop,1,11.237
wal,10000,50,stop,2,28.455
wal,10000,50,stop,3,30.554
wal,10000,50,stop,4,29.870
wal,10000,50,stop,5,31.151
wal,10000,50,stop,6,31.300
wal,10000,50,stop,7,29.689
wal,10000,50,stop,8,19.551
wal,10000,50,stop,9,14.901
wal,10000,50,stop,10,28.254
nowal,10000,50,stop,1,22.957
nowal,10000,50,stop,2,29.765
nowal,10000,50,stop,3,33.680
nowal,10000,50,stop,4,31.092
nowal,10000,50,stop,5,32.467
nowal,10000,50,stop,6,30.249
nowal,10000,50,stop,7,28.569
nowal,10000,50,stop,8,29.551
nowal,10000,50,stop,9,21.643
nowal,10000,50,stop,10,31.180
wal,10000,50,kill,1,44.742
wal,10000,50,kill,2,37.266
wal,10000,50,kill,3,42.435
wal,10000,50,kill,4,36.471
wal,10000,50,kill,5,37.302
wal,10000,50,kill,6,37.585
wal,10000,50,kill,7,32.890
wal,10000,50,kill,8,37.623
wal,10000,50,kill,9,39.360
wal,10000,50,kill,10,38.362
nowal,10000,50,kill,1,39.235
nowal,10000,50,kill,2,38.414
nowal,10000,50,kill,3,41.235
nowal,10000,50,kill,4,21.026
nowal,10000,50,kill,5,37.198
nowal,10000,50,kill,6,42.572
nowal,10000,50,kill,7,45.439
nowal,10000,50,kill,8,50.596
nowal,10000,50,kill,9,38.593
nowal,10000,50,kill,10,39.177
wal,10000,100,stop,1,25.436
wal,10000,100,stop,2,23.723
wal,10000,100,stop,3,25.771
wal,10000,100,stop,4,23.754
wal,10000,100,stop,5,25.532
wal,10000,100,stop,6,37.959
wal,10000,100,stop,7,25.892
wal,10000,100,stop,8,25.701
wal,10000,100,stop,9,26.274
wal,10000,100,stop,10,24.709
nowal,10000,100,stop,1,50.426
nowal,10000,100,stop,2,45.365
nowal,10000,100,stop,3,47.570
nowal,10000,100,stop,4,45.969
nowal,10000,100,stop,5,35.675
nowal,10000,100,stop,6,50.704
nowal,10000,100,stop,7,38.343
nowal,10000,100,stop,8,31.557
nowal,10000,100,stop,9,43.620
nowal,10000,100,stop,10,36.667
wal,10000,100,kill,1,50.263
wal,10000,100,kill,2,49.002
wal,10000,100,kill,3,44.321
wal,10000,100,kill,4,47.495
wal,10000,100,kill,5,50.053
wal,10000,100,kill,6,41.363
wal,10000,100,kill,7,50.300
wal,10000,100,kill,8,49.470
wal,10000,100,kill,9,33.881
wal,10000,100,kill,10,49.295
nowal,10000,100,kill,1,58.718
nowal,10000,100,kill,2,56.970
nowal,10000,100,kill,3,56.478
nowal,10000,100,kill,4,46.083
nowal,10000,100,kill,5,58.073
nowal,10000,100,kill,6,56.928
nowal,10000,100,kill,7,58.756
nowal,10000,100,kill,8,55.121
nowal,10000,100,kill,9,44.628
nowal,10000,100,kill,10,56.366
wal,100000,10,stop,1,38.297
wal,100000,10,stop,2,20.458
wal,100000,10,stop,3,25.625
wal,100000,10,stop,4,24.659
wal,100000,10,stop,5,26.055
wal,100000,10,stop,6,24.198
wal,100000,10,stop,7,23.504
wal,100000,10,stop,8,25.434
wal,100000,10,stop,9,24.513
wal,100000,10,stop,10,25.254
nowal,100000,10,stop,1,44.985
nowal,100000,10,stop,2,36.557
nowal,100000,10,stop,3,45.839
nowal,100000,10,stop,4,50.825
nowal,100000,10,stop,5,45.850
nowal,100000,10,stop,6,49.821
nowal,100000,10,stop,7,46.334
nowal,100000,10,stop,8,48.312
nowal,100000,10,stop,9,45.253
nowal,100000,10,stop,10,50.232
wal,100000,10,kill,1,48.068
wal,100000,10,kill,2,48.242
wal,100000,10,kill,3,47.114
wal,100000,10,kill,4,47.934
wal,100000,10,kill,5,47.167
wal,100000,10,kill,6,46.312
wal,100000,10,kill,7,29.741
wal,100000,10,kill,8,45.493
wal,100000,10,kill,9,45.800
wal,100000,10,kill,10,46.578
nowal,100000,10,kill,1,56.868
nowal,100000,10,kill,2,60.158
nowal,100000,10,kill,3,58.666
nowal,100000,10,kill,4,31.728
nowal,100000,10,kill,5,55.143
nowal,100000,10,kill,6,58.507
nowal,100000,10,kill,7,58.670
nowal,100000,10,kill,8,78.617
nowal,100000,10,kill,9,56.493
nowal,100000,10,kill,10,55.100
wal,100000,50,stop,1,71.357
wal,100000,50,stop,2,65.538
wal,100000,50,stop,3,63.452
wal,100000,50,stop,4,65.795
wal,100000,50,stop,5,65.004
wal,100000,50,stop,6,64.063
wal,100000,50,stop,7,66.241
wal,100000,50,stop,8,64.882
wal,100000,50,stop,9,65.549
wal,100000,50,stop,10,65.502
nowal,100000,50,stop,1,114.916
nowal,100000,50,stop,2,106.754
nowal,100000,50,stop,3,118.175
nowal,100000,50,stop,4,109.317
nowal,100000,50,stop,5,108.926
nowal,100000,50,stop,6,109.795
nowal,100000,50,stop,7,122.305
nowal,100000,50,stop,8,111.218
nowal,100000,50,stop,9,107.370
nowal,100000,50,stop,10,108.569
wal,100000,50,kill,1,115.697
wal,100000,50,kill,2,122.679
wal,100000,50,kill,3,127.299
wal,100000,50,kill,4,95.958
wal,100000,50,kill,5,119.965
wal,100000,50,kill,6,119.650
wal,100000,50,kill,7,117.066
wal,100000,50,kill,8,120.339
wal,100000,50,kill,9,121.830
wal,100000,50,kill,10,107.794
nowal,100000,50,kill,1,131.816
nowal,100000,50,kill,2,139.160
nowal,100000,50,kill,3,132.461
nowal,100000,50,kill,4,133.580
nowal,100000,50,kill,5,137.083
nowal,100000,50,kill,6,137.362
nowal,100000,50,kill,7,142.545
nowal,100000,50,kill,8,137.758
nowal,100000,50,kill,9,136.933
nowal,100000,50,kill,10,133.790
wal,100000,100,stop,1,124.353
wal,100000,100,stop,2,119.208
wal,100000,100,stop,3,124.762
wal,100000,100,stop,4,115.682
wal,100000,100,stop,5,129.467
wal,100000,100,stop,6,123.545
wal,100000,100,stop,7,129.580
wal,100000,100,stop,8,140.495
wal,100000,100,stop,9,128.101
wal,100000,100,stop,10,129.391
nowal,100000,100,stop,1,223.580
nowal,100000,100,stop,2,222.412
nowal,100000,100,stop,3,225.561
nowal,100000,100,stop,4,219.830
nowal,100000,100,stop,5,215.673
nowal,100000,100,stop,6,216.791
nowal,100000,100,stop,7,217.239
nowal,100000,100,stop,8,211.216
nowal,100000,100,stop,9,214.461
nowal,100000,100,stop,10,232.825
wal,100000,100,kill,1,220.438
wal,100000,100,kill,2,212.914
wal,100000,100,kill,3,185.925
wal,100000,100,kill,4,199.926
wal,100000,100,kill,5,219.065
wal,100000,100,kill,6,226.295
wal,100000,100,kill,7,216.609
wal,100000,100,kill,8,217.857
wal,100000,100,kill,9,215.131
wal,100000,100,kill,10,214.595
nowal,100000,100,kill,1,245.095
nowal,100000,100,kill,2,234.858
nowal,100000,100,kill,3,241.649
nowal,100000,100,kill,4,231.361
nowal,100000,100,kill,5,242.971
nowal,100000,100,kill,6,250.910
nowal,100000,100,kill,7,244.331
nowal,100000,100,kill,8,227.616
nowal,100000,100,kill,9,228.017
nowal,100000,100,kill,10,235.651
wal,500000,10,stop,1,66.460
wal,500000,10,stop,2,66.211
wal,500000,10,stop,3,71.280
wal,500000,10,stop,4,67.467
wal,500000,10,stop,5,72.051
wal,500000,10,stop,6,72.364
wal,500000,10,stop,7,68.670
wal,500000,10,stop,8,62.872
wal,500000,10,stop,9,66.575
wal,500000,10,stop,10,71.691
nowal,500000,10,stop,1,119.545
nowal,500000,10,stop,2,117.352
nowal,500000,10,stop,3,120.815
nowal,500000,10,stop,4,118.911
nowal,500000,10,stop,5,118.851
nowal,500000,10,stop,6,118.057
nowal,500000,10,stop,7,121.842
nowal,500000,10,stop,8,131.709
nowal,500000,10,stop,9,122.636
nowal,500000,10,stop,10,115.022
wal,500000,10,kill,1,118.061
wal,500000,10,kill,2,129.319
wal,500000,10,kill,3,129.048
wal,500000,10,kill,4,125.580
wal,500000,10,kill,5,125.255
wal,500000,10,kill,6,125.200
wal,500000,10,kill,7,120.524
wal,500000,10,kill,8,122.483
wal,500000,10,kill,9,121.746
wal,500000,10,kill,10,116.625
nowal,500000,10,kill,1,135.251
nowal,500000,10,kill,2,137.906
nowal,500000,10,kill,3,130.955
nowal,500000,10,kill,4,138.899
nowal,500000,10,kill,5,132.088
nowal,500000,10,kill,6,117.548
nowal,500000,10,kill,7,141.405
nowal,500000,10,kill,8,137.245
nowal,500000,10,kill,9,136.031
nowal,500000,10,kill,10,139.502
wal,500000,50,stop,1,327.744
wal,500000,50,stop,2,313.408
wal,500000,50,stop,3,316.162
wal,500000,50,stop,4,318.366
wal,500000,50,stop,5,315.749
wal,500000,50,stop,6,330.416
wal,500000,50,stop,7,312.864
wal,500000,50,stop,8,320.086
wal,500000,50,stop,9,322.793
wal,500000,50,stop,10,336.914
nowal,500000,50,stop,1,555.565
nowal,500000,50,stop,2,609.432
nowal,500000,50,stop,3,534.468
nowal,500000,50,stop,4,542.363
nowal,500000,50,stop,5,531.082
nowal,500000,50,stop,6,509.227
nowal,500000,50,stop,7,513.011
nowal,500000,50,stop,8,518.312
nowal,500000,50,stop,9,527.988
nowal,500000,50,stop,10,522.800
wal,500000,50,kill,1,496.600
wal,500000,50,kill,2,490.267
wal,500000,50,kill,3,497.022
wal,500000,50,kill,4,497.826
wal,500000,50,kill,5,465.374
wal,500000,50,kill,6,489.446
wal,500000,50,kill,7,502.144
wal,500000,50,kill,8,493.579
wal,500000,50,kill,9,482.835
wal,500000,50,kill,10,481.755
nowal,500000,50,kill,1,550.080
nowal,500000,50,kill,2,541.271
nowal,500000,50,kill,3,515.723
nowal,500000,50,kill,4,542.479
nowal,500000,50,kill,5,551.427
nowal,500000,50,kill,6,546.389
nowal,500000,50,kill,7,558.151
nowal,500000,50,kill,8,549.921
nowal,500000,50,kill,9,529.151
nowal,500000,50,kill,10,543.163
wal,500000,100,stop,1,653.142
wal,500000,100,stop,2,679.407
wal,500000,100,stop,3,683.794
wal,500000,100,stop,4,649.712
wal,500000,100,stop,5,652.582
wal,500000,100,stop,6,693.455
wal,500000,100,stop,7,684.555
wal,500000,100,stop,8,648.925
wal,500000,100,stop,9,672.986
wal,500000,100,stop,10,660.522
nowal,500000,100,stop,1,1094.109
nowal,500000,100,stop,2,1128.953
nowal,500000,100,stop,3,1044.125
nowal,500000,100,stop,4,1087.506
nowal,500000,100,stop,5,1045.627
nowal,500000,100,stop,6,1100.889
nowal,500000,100,stop,7,1099.991
nowal,500000,100,stop,8,1083.866
nowal,500000,100,stop,9,1043.233
nowal,500000,100,stop,10,1043.671
wal,500000,100,kill,1,961.820
wal,500000,100,kill,2,955.683
wal,500000,100,kill,3,963.404
wal,500000,100,kill,4,980.323
wal,500000,100,kill,5,961.619
wal,500000,100,kill,6,969.282
wal,500000,100,kill,7,950.675
wal,500000,100,kill,8,994.943
wal,500000,100,kill,9,967.885
wal,500000,100,kill,10,963.240
nowal,500000,100,kill,1,1059.438
nowal,500000,100,kill,2,1083.444
nowal,500000,100,kill,3,1044.107
nowal,500000,100,kill,4,1083.608
nowal,500000,100,kill,5,1098.014
nowal,500000,100,kill,6,1095.612
nowal,500000,100,kill,7,1095.824
nowal,500000,100,kill,8,1053.013
nowal,500000,100,kill,9,1081.477
nowal,500000,100,kill,10,1105.981
wal,1000000,10,stop,1,124.800
wal,1000000,10,stop,2,131.681
wal,1000000,10,stop,3,131.342
wal,1000000,10,stop,4,127.307
wal,1000000,10,stop,5,124.149
wal,1000000,10,stop,6,125.769
wal,1000000,10,stop,7,127.629
wal,1000000,10,stop,8,126.420
wal,1000000,10,stop,9,127.859
wal,1000000,10,stop,10,126.720
nowal,1000000,10,stop,1,210.504
nowal,1000000,10,stop,2,206.454
nowal,1000000,10,stop,3,206.400
nowal,1000000,10,stop,4,211.070
nowal,1000000,10,stop,5,205.440
nowal,1000000,10,stop,6,211.466
nowal,1000000,10,stop,7,200.702
nowal,1000000,10,stop,8,203.976
nowal,1000000,10,stop,9,207.279
nowal,1000000,10,stop,10,208.835
wal,1000000,10,kill,1,214.236
wal,1000000,10,kill,2,215.665
wal,1000000,10,kill,3,224.811
wal,1000000,10,kill,4,224.334
wal,1000000,10,kill,5,221.594
wal,1000000,10,kill,6,218.244
wal,1000000,10,kill,7,213.221
wal,1000000,10,kill,8,185.370
wal,1000000,10,kill,9,203.986
wal,1000000,10,kill,10,212.917
nowal,1000000,10,kill,1,233.606
nowal,1000000,10,kill,2,241.676
nowal,1000000,10,kill,3,225.586
nowal,1000000,10,kill,4,230.207
nowal,1000000,10,kill,5,229.650
nowal,1000000,10,kill,6,228.875
nowal,1000000,10,kill,7,226.831
nowal,1000000,10,kill,8,234.808
nowal,1000000,10,kill,9,236.427
nowal,1000000,10,kill,10,232.726
wal,1000000,50,stop,1,657.616
wal,1000000,50,stop,2,668.949
wal,1000000,50,stop,3,648.548
wal,1000000,50,stop,4,650.702
wal,1000000,50,stop,5,662.573
wal,1000000,50,stop,6,657.963
wal,1000000,50,stop,7,670.092
wal,1000000,50,stop,8,680.449
wal,1000000,50,stop,9,698.829
wal,1000000,50,stop,10,688.777
nowal,1000000,50,stop,1,1054.562
nowal,1000000,50,stop,2,1089.510
nowal,1000000,50,stop,3,1084.341
nowal,1000000,50,stop,4,1160.144
nowal,1000000,50,stop,5,1062.714
nowal,1000000,50,stop,6,1083.235
nowal,1000000,50,stop,7,1056.152
nowal,1000000,50,stop,8,1069.624
nowal,1000000,50,stop,9,1029.991
nowal,1000000,50,stop,10,1044.794
wal,1000000,50,kill,1,955.265
wal,1000000,50,kill,2,949.834
wal,1000000,50,kill,3,972.035
wal,1000000,50,kill,4,954.304
wal,1000000,50,kill,5,950.211
wal,1000000,50,kill,6,946.030
wal,1000000,50,kill,7,964.669
wal,1000000,50,kill,8,954.502
wal,1000000,50,kill,9,956.902
wal,1000000,50,kill,10,997.569
nowal,1000000,50,kill,1,1046.851
nowal,1000000,50,kill,2,1092.457
nowal,1000000,50,kill,3,1048.878
nowal,1000000,50,kill,4,1086.892
nowal,1000000,50,kill,5,1086.685
nowal,1000000,50,kill,6,1066.884
nowal,1000000,50,kill,7,1045.882
nowal,1000000,50,kill,8,1051.480
nowal,1000000,50,kill,9,1086.001
nowal,1000000,50,kill,10,1075.483
wal,1000000,100,stop,1,1481.902
wal,1000000,100,stop,2,1421.094
wal,1000000,100,stop,3,1438.999
wal,1000000,100,stop,4,1399.116
wal,1000000,100,stop,5,1466.201
wal,1000000,100,stop,6,1487.256
wal,1000000,100,stop,7,1371.050
wal,1000000,100,stop,8,1471.125
wal,1000000,100,stop,9,1340.521
wal,1000000,100,stop,10,1400.853
nowal,1000000,100,stop,1,2259.885
nowal,1000000,100,stop,2,2396.428
nowal,1000000,100,stop,3,2213.039
nowal,1000000,100,stop,4,2255.479
nowal,1000000,100,stop,5,2235.625
nowal,1000000,100,stop,6,2190.883
nowal,1000000,100,stop,7,2307.349
nowal,1000000,100,stop,8,2270.037
nowal,1000000,100,stop,9,2255.991
nowal,1000000,100,stop,10,2314.786
wal,1000000,100,kill,1,1580.697
wal,1000000,100,kill,2,1665.668
wal,1000000,100,kill,3,1645.071
wal,1000000,100,kill,4,1656.214
wal,1000000,100,kill,5,1655.722
wal,1000000,100,kill,6,1624.571
wal,1000000,100,kill,7,1599.866
wal,1000000,100,kill,8,1604.753
wal,1000000,100,kill,9,1599.884
wal,1000000,100,kill,10,1597.499
nowal,1000000,100,kill,1,2242.611
nowal,1000000,100,kill,2,2213.306
nowal,1000000,100,kill,3,2190.373
nowal,1000000,100,kill,4,2179.104
nowal,1000000,100,kill,5,2243.249
nowal,1000000,100,kill,6,2150.839
nowal,1000000,100,kill,7,2222.194
nowal,1000000,100,kill,8,2126.270
nowal,1000000,100,kill,9,2166.511
nowal,1000000,100,kill,10,2134.685
